walk-in-0,\N
walk-in-0,\N
walk-in-0,\N
walk-in-0,Finding Factorials
walk-in-0,\N
walk-in-0,Lexicographical Anagrams
walk-in-0,Traveling DJ Problem
walk-in-0,Hipster Matchmaking
walk-in-0,Parsing Passwords
walk-in-0,No Rules
walk-in-0,Knightly Tours
walk-in-98,Hipster Matchmaking
walk-in-0,Knightly Tours
walk-in-1,Finding Factorials
walk-in-1,Lexicographical Anagrams
walk-in-2,Finding Factorials
walk-in-2,Lexicographical Anagrams
walk-in-5,Finding Factorials
walk-in-5,Lexicographical Anagrams
walk-in-10,Finding Factorials
walk-in-11,Finding Factorials
walk-in-11,Lexicographical Anagrams
walk-in-14,Finding Factorials
walk-in-16,Lexicographical Anagrams
walk-in-17,Finding Factorials
walk-in-18,Finding Factorials
walk-in-18,Lexicographical Anagrams
walk-in-19,Finding Factorials
walk-in-20,Finding Factorials
walk-in-22,Finding Factorials
walk-in-22,Lexicographical Anagrams
walk-in-23,Finding Factorials
walk-in-23,Lexicographical Anagrams
walk-in-25,Lexicographical Anagrams
walk-in-26,Finding Factorials
walk-in-26,Lexicographical Anagrams
walk-in-27,Finding Factorials
walk-in-28,Finding Factorials
walk-in-30,Finding Factorials
walk-in-30,Lexicographical Anagrams
walk-in-30,Hipster Matchmaking
walk-in-32,Finding Factorials
walk-in-33,Finding Factorials
walk-in-36,Finding Factorials
walk-in-36,Lexicographical Anagrams
walk-in-37,Finding Factorials
walk-in-38,Finding Factorials
walk-in-39,Finding Factorials
walk-in-39,Lexicographical Anagrams
walk-in-40,Finding Factorials
walk-in-41,Finding Factorials
walk-in-41,Lexicographical Anagrams
walk-in-41,Traveling DJ Problem
walk-in-42,Finding Factorials
walk-in-42,Lexicographical Anagrams
acm-1,Finding Factorials
acm-1,Lexicographical Anagrams
acm-1,Traveling DJ Problem
acm-1,No Rules
acm-2,Finding Factorials
acm-2,Lexicographical Anagrams
acm-2,Hipster Matchmaking
acm-2,Knightly Tours
acm-3,Finding Factorials
acm-3,Lexicographical Anagrams
acm-4,Finding Factorials
acm-4,Lexicographical Anagrams
acm-4,Knightly Tours
acm-5,Finding Factorials
acm-5,Lexicographical Anagrams
acm-5,Traveling DJ Problem
acm-7,Finding Factorials
acm-8,Finding Factorials
acm-8,Lexicographical Anagrams
acm-9,Finding Factorials
acm-9,Lexicographical Anagrams
acm-10,Finding Factorials
acm-10,Lexicographical Anagrams
acm-10,Traveling DJ Problem
acm-11,Finding Factorials
acm-11,Lexicographical Anagrams
acm-12,Finding Factorials
acm-12,Lexicographical Anagrams
acm-14,Finding Factorials
acm-14,Lexicographical Anagrams
acm-16,Finding Factorials
acm-16,Lexicographical Anagrams
acm-18,Finding Factorials
acm-18,Lexicographical Anagrams
acm-18,Traveling DJ Problem
acm-18,Knightly Tours
acm-19,Finding Factorials
acm-19,Lexicographical Anagrams
acm-19,Traveling DJ Problem
acm-19,Hipster Matchmaking
acm-19,Knightly Tours
acm-20,Finding Factorials
acm-20,Lexicographical Anagrams
acm-21,Finding Factorials
acm-21,Lexicographical Anagrams
acm-22,Finding Factorials
acm-22,Lexicographical Anagrams
acm-23,Finding Factorials
acm-23,Lexicographical Anagrams
acm-23,Traveling DJ Problem
acm-26,Finding Factorials
acm-26,Lexicographical Anagrams
acm-27,Finding Factorials
acm-27,Lexicographical Anagrams
acm-27,Traveling DJ Problem
acm-28,Finding Factorials
acm-28,Lexicographical Anagrams
acm-29,Finding Factorials
acm-29,Lexicographical Anagrams
acm-29,Knightly Tours
acm-31,Finding Factorials
acm-32,Finding Factorials
acm-32,Lexicographical Anagrams
acm-33,Finding Factorials
acm-33,Lexicographical Anagrams
acm-33,Knightly Tours
acm-43,Finding Factorials
acm-43,Lexicographical Anagrams
acm-45,Finding Factorials
acm-45,Lexicographical Anagrams
acm-47,Finding Factorials
acm-47,Lexicographical Anagrams
acm-47,Traveling DJ Problem
acm-50,Finding Factorials
acm-53,Finding Factorials
acm-53,Lexicographical Anagrams
acm-55,Finding Factorials
acm-58,Finding Factorials
acm-59,Finding Factorials
acm-59,Lexicographical Anagrams
acm-64,Finding Factorials
acm-67,Finding Factorials
acm-69,Finding Factorials
acm-69,Lexicographical Anagrams
acm-70,Finding Factorials
acm-70,Lexicographical Anagrams
acm-71,Finding Factorials
acm-71,Lexicographical Anagrams
acm-72,Finding Factorials
acm-72,Lexicographical Anagrams
acm-74,Finding Factorials
acm-74,Lexicographical Anagrams
acm-75,Finding Factorials
acm-75,Lexicographical Anagrams
acm-78,Finding Factorials
acm-78,Lexicographical Anagrams
acm-80,Finding Factorials
acm-80,Lexicographical Anagrams
acm-81,Finding Factorials
acm-82,Finding Factorials
acm-82,Lexicographical Anagrams
acm-84,Finding Factorials
acm-84,Lexicographical Anagrams
acm-85,Finding Factorials
acm-87,Finding Factorials
acm-87,Lexicographical Anagrams
acm-88,Finding Factorials
acm-91,Finding Factorials
acm-91,Lexicographical Anagrams
acm-93,Finding Factorials
acm-95,Finding Factorials
acm-95,Lexicographical Anagrams
acm-96,Finding Factorials
acm-96,Lexicographical Anagrams
acm-96,Knightly Tours
acm-97,Finding Factorials
acm-97,Lexicographical Anagrams
acm-98,Finding Factorials
acm-98,Lexicographical Anagrams
acm-100,Finding Factorials
acm-101,Finding Factorials
acm-102,Finding Factorials
acm-103,Finding Factorials
acm-103,Lexicographical Anagrams
acm-104,Finding Factorials
acm-104,Lexicographical Anagrams
acm-105,Finding Factorials
acm-106,Finding Factorials
acm-108,Finding Factorials
acm-109,Finding Factorials
acm-111,Finding Factorials
acm-111,Lexicographical Anagrams
acm-112,Finding Factorials
acm-119,Lexicographical Anagrams
acm-120,Finding Factorials
acm-121,Finding Factorials
acm-124,Finding Factorials
